isolate_id,cluster_id,country,collection_year,score_itc,score_vrc,score_pos,mic_itc,mic_vrc,mic_pos
EXAMPLE_001,CLUSTER_001,Guatemala,2022,0,0,0,0.5,0.25,0.06
EXAMPLE_002,CLUSTER_001,Costa Rica,2023,1,0,0,0.5,0.25,0.06
EXAMPLE_003,CLUSTER_002,Brazil,2024,2,0,0,2.0,0.25,0.06
EXAMPLE_004,CLUSTER_002,Mexico,2022,3,0,0,4.0,0.25,0.06
EXAMPLE_005,CLUSTER_003,Uruguay,2023,0,1,0,0.5,0.5,0.06
EXAMPLE_006,CLUSTER_003,Argentina,2024,0,2,0,0.5,2.0,0.06
EXAMPLE_007,CLUSTER_004,Guatemala,2022,0,3,0,0.5,4.0,0.06
EXAMPLE_008,CLUSTER_004,Costa Rica,2023,0,0,1,0.5,0.25,0.125
EXAMPLE_009,CLUSTER_005,Brazil,2024,0,0,2,0.5,0.25,0.5
EXAMPLE_010,CLUSTER_005,Mexico,2022,0,0,3,2.0,0.25,0.25
EXAMPLE_011,CLUSTER_006,Uruguay,2023,1,1,1,0.5,0.5,0.06
EXAMPLE_012,CLUSTER_006,Argentina,2024,2,2,2,2.0,2.0,0.5
EXAMPLE_013,CLUSTER_007,Guatemala,2022,0,0,0,0.5,0.25,0.06
EXAMPLE_014,CLUSTER_007,Costa Rica,2023,1,0,0,0.5,0.25,0.06
EXAMPLE_015,CLUSTER_008,Brazil,2024,2,0,0,2.0,0.25,0.06
EXAMPLE_016,CLUSTER_008,Mexico,2022,3,0,0,4.0,0.25,0.06
EXAMPLE_017,CLUSTER_009,Uruguay,2023,0,1,0,0.5,0.5,0.06
EXAMPLE_018,CLUSTER_009,Argentina,2024,0,2,0,0.5,2.0,0.06
EXAMPLE_019,CLUSTER_010,Guatemala,2022,0,3,0,0.5,4.0,0.06
EXAMPLE_020,CLUSTER_010,Costa Rica,2023,0,0,1,0.5,0.25,0.125
EXAMPLE_021,CLUSTER_011,Brazil,2024,0,0,2,0.5,0.25,0.5
EXAMPLE_022,CLUSTER_011,Mexico,2022,0,0,3,2.0,0.25,0.25
EXAMPLE_023,CLUSTER_012,Uruguay,2023,1,1,1,0.5,0.5,0.06
EXAMPLE_024,CLUSTER_012,Argentina,2024,2,2,2,2.0,2.0,0.5
EXAMPLE_025,CLUSTER_013,Guatemala,2022,1,0,0,,,
EXAMPLE_026,CLUSTER_013,Costa Rica,2023,0,0,0,,,
EXAMPLE_027,CLUSTER_014,Brazil,2024,0,0,0,,,
EXAMPLE_028,CLUSTER_014,Mexico,2022,0,0,0,,,
EXAMPLE_029,CLUSTER_015,Uruguay,2023,0,0,0,,,
EXAMPLE_030,CLUSTER_015,Argentina,2024,0,0,0,,,
EXAMPLE_031,CLUSTER_016,Guatemala,2022,0,0,0,,,
EXAMPLE_032,CLUSTER_016,Costa Rica,2023,0,0,0,,,
EXAMPLE_033,CLUSTER_017,Brazil,2024,1,0,0,,,
EXAMPLE_034,CLUSTER_017,Mexico,2022,0,0,0,,,
EXAMPLE_035,CLUSTER_018,Uruguay,2023,0,0,0,,,
EXAMPLE_036,CLUSTER_018,Argentina,2024,0,0,0,,,
EXAMPLE_037,CLUSTER_019,Guatemala,2022,0,0,0,,,
EXAMPLE_038,CLUSTER_019,Costa Rica,2023,0,0,0,,,
EXAMPLE_039,CLUSTER_020,Brazil,2024,0,0,0,,,
EXAMPLE_040,CLUSTER_020,Mexico,2022,0,0,0,,,
EXAMPLE_041,CLUSTER_021,Uruguay,2023,1,0,0,,,
EXAMPLE_042,CLUSTER_021,Argentina,2024,0,0,0,,,
EXAMPLE_043,CLUSTER_022,Guatemala,2022,0,0,0,,,
EXAMPLE_044,CLUSTER_022,Costa Rica,2023,0,0,0,,,
EXAMPLE_045,CLUSTER_023,Brazil,2024,0,0,0,,,
EXAMPLE_046,CLUSTER_023,Mexico,2022,0,0,0,,,
EXAMPLE_047,CLUSTER_024,Uruguay,2023,0,0,0,,,
EXAMPLE_048,CLUSTER_024,Argentina,2024,0,0,0,,,
